Dataset:name:2020-09-12	/uod/idr/filesets/idr0135-hodis-melanocytes/20220301-ftp/2020-09-12/EH-15740-047.svs
Dataset:name:2020-09-12	/uod/idr/filesets/idr0135-hodis-melanocytes/20220301-ftp/2020-09-12/EH-15740-025.svs
Dataset:name:2020-09-12	/uod/idr/filesets/idr0135-hodis-melanocytes/20220301-ftp/2020-09-12/EH-15740-007.svs
Dataset:name:2020-09-12	/uod/idr/filesets/idr0135-hodis-melanocytes/20220301-ftp/2020-09-12/EH-15740-006.svs
Dataset:name:2020-09-12	/uod/idr/filesets/idr0135-hodis-melanocytes/20220301-ftp/2020-09-12/EH-15740-022.svs
Dataset:name:2020-09-12	/uod/idr/filesets/idr0135-hodis-melanocytes/20220301-ftp/2020-09-12/EH-15740-036.svs
Dataset:name:2020-09-12	/uod/idr/filesets/idr0135-hodis-melanocytes/20220301-ftp/2020-09-12/EH-15740-024.svs
Dataset:name:2020-09-12	/uod/idr/filesets/idr0135-hodis-melanocytes/20220301-ftp/2020-09-12/EH-15740-011.svs
Dataset:name:2020-09-12	/uod/idr/filesets/idr0135-hodis-melanocytes/20220301-ftp/2020-09-12/EH-15740-031.svs
Dataset:name:2020-09-12	/uod/idr/filesets/idr0135-hodis-melanocytes/20220301-ftp/2020-09-12/EH-15740-038.svs
Dataset:name:2020-09-12	/uod/idr/filesets/idr0135-hodis-melanocytes/20220301-ftp/2020-09-12/EH-15740-040.svs
Dataset:name:2020-09-12	/uod/idr/filesets/idr0135-hodis-melanocytes/20220301-ftp/2020-09-12/EH-15740-028.svs
Dataset:name:2020-09-12	/uod/idr/filesets/idr0135-hodis-melanocytes/20220301-ftp/2020-09-12/EH-15740-042.svs
Dataset:name:2020-09-12	/uod/idr/filesets/idr0135-hodis-melanocytes/20220301-ftp/2020-09-12/EH-15740-012.svs
Dataset:name:2020-09-12	/uod/idr/filesets/idr0135-hodis-melanocytes/20220301-ftp/2020-09-12/EH-15740-020.svs
Dataset:name:2020-09-12	/uod/idr/filesets/idr0135-hodis-melanocytes/20220301-ftp/2020-09-12/EH-15740-032.svs
Dataset:name:2020-09-12	/uod/idr/filesets/idr0135-hodis-melanocytes/20220301-ftp/2020-09-12/EH-15740-045.svs
Dataset:name:2020-09-12	/uod/idr/filesets/idr0135-hodis-melanocytes/20220301-ftp/2020-09-12/EH-15740-023.svs
Dataset:name:2020-09-12	/uod/idr/filesets/idr0135-hodis-melanocytes/20220301-ftp/2020-09-12/EH-15740-030.svs
Dataset:name:2020-09-12	/uod/idr/filesets/idr0135-hodis-melanocytes/20220301-ftp/2020-09-12/EH-15740-008.svs
Dataset:name:2020-09-12	/uod/idr/filesets/idr0135-hodis-melanocytes/20220301-ftp/2020-09-12/EH-15740-021.svs
Dataset:name:2020-09-12	/uod/idr/filesets/idr0135-hodis-melanocytes/20220301-ftp/2020-09-12/EH-15740-015.svs
Dataset:name:2020-09-12	/uod/idr/filesets/idr0135-hodis-melanocytes/20220301-ftp/2020-09-12/EH-15740-004.svs
Dataset:name:2020-09-12	/uod/idr/filesets/idr0135-hodis-melanocytes/20220301-ftp/2020-09-12/EH-15740-043.svs
Dataset:name:2020-09-12	/uod/idr/filesets/idr0135-hodis-melanocytes/20220301-ftp/2020-09-12/EH-15740-026.svs
Dataset:name:2020-09-12	/uod/idr/filesets/idr0135-hodis-melanocytes/20220301-ftp/2020-09-12/EH-15740-002.svs
Dataset:name:2020-09-12	/uod/idr/filesets/idr0135-hodis-melanocytes/20220301-ftp/2020-09-12/EH-15740-048.svs
Dataset:name:2020-09-12	/uod/idr/filesets/idr0135-hodis-melanocytes/20220301-ftp/2020-09-12/EH-15740-039.svs
Dataset:name:2020-09-12	/uod/idr/filesets/idr0135-hodis-melanocytes/20220301-ftp/2020-09-12/EH-15740-044.svs
Dataset:name:2020-09-12	/uod/idr/filesets/idr0135-hodis-melanocytes/20220301-ftp/2020-09-12/EH-15740-046.svs
Dataset:name:2020-09-12	/uod/idr/filesets/idr0135-hodis-melanocytes/20220301-ftp/2020-09-12/EH-15740-018.svs
Dataset:name:2020-09-12	/uod/idr/filesets/idr0135-hodis-melanocytes/20220301-ftp/2020-09-12/EH-15740-005.svs
Dataset:name:2020-09-12	/uod/idr/filesets/idr0135-hodis-melanocytes/20220301-ftp/2020-09-12/EH-15740-019.svs
Dataset:name:2020-09-12	/uod/idr/filesets/idr0135-hodis-melanocytes/20220301-ftp/2020-09-12/EH-15740-013.svs
Dataset:name:2020-09-12	/uod/idr/filesets/idr0135-hodis-melanocytes/20220301-ftp/2020-09-12/EH-15740-033.svs
Dataset:name:2020-09-12	/uod/idr/filesets/idr0135-hodis-melanocytes/20220301-ftp/2020-09-12/EH-15740-010.svs
Dataset:name:2020-09-12	/uod/idr/filesets/idr0135-hodis-melanocytes/20220301-ftp/2020-09-12/EH-15740-035.svs
Dataset:name:2020-09-12	/uod/idr/filesets/idr0135-hodis-melanocytes/20220301-ftp/2020-09-12/EH-15740-029.svs
Dataset:name:2020-09-12	/uod/idr/filesets/idr0135-hodis-melanocytes/20220301-ftp/2020-09-12/EH-15740-041.svs
Dataset:name:2020-09-12	/uod/idr/filesets/idr0135-hodis-melanocytes/20220301-ftp/2020-09-12/EH-15740-016.svs
Dataset:name:2020-09-12	/uod/idr/filesets/idr0135-hodis-melanocytes/20220301-ftp/2020-09-12/EH-15740-034.svs
Dataset:name:2020-09-12	/uod/idr/filesets/idr0135-hodis-melanocytes/20220301-ftp/2020-09-12/EH-15740.svs
Dataset:name:2020-09-12	/uod/idr/filesets/idr0135-hodis-melanocytes/20220301-ftp/2020-09-12/EH-15740-009.svs
Dataset:name:2020-09-12	/uod/idr/filesets/idr0135-hodis-melanocytes/20220301-ftp/2020-09-12/EH-15740-001.svs
Dataset:name:2020-09-12	/uod/idr/filesets/idr0135-hodis-melanocytes/20220301-ftp/2020-09-12/EH-15740-037.svs
Dataset:name:2020-09-12	/uod/idr/filesets/idr0135-hodis-melanocytes/20220301-ftp/2020-09-12/EH-15740-014.svs
Dataset:name:2020-09-12	/uod/idr/filesets/idr0135-hodis-melanocytes/20220301-ftp/2020-09-12/EH-15740-027.svs
Dataset:name:2020-09-12	/uod/idr/filesets/idr0135-hodis-melanocytes/20220301-ftp/2020-09-12/EH-15740-017.svs
Dataset:name:2020-09-12 part B	/uod/idr/filesets/idr0135-hodis-melanocytes/20220301-ftp/2020-09-12 part B/EH-15740-002.svs
Dataset:name:2020-09-12 part B	/uod/idr/filesets/idr0135-hodis-melanocytes/20220301-ftp/2020-09-12 part B/EH-15740-001.svs
Dataset:name:2020-09-12 part B	/uod/idr/filesets/idr0135-hodis-melanocytes/20220301-ftp/2020-09-12 part B/EH-15740-003.svs
Dataset:name:2020-09-14	/uod/idr/filesets/idr0135-hodis-melanocytes/20220301-ftp/2020-09-14/Eran Hodis 2020-09-14-021.svs
Dataset:name:2020-09-14	/uod/idr/filesets/idr0135-hodis-melanocytes/20220301-ftp/2020-09-14/Eran Hodis 2020-09-14-052.svs
Dataset:name:2020-09-14	/uod/idr/filesets/idr0135-hodis-melanocytes/20220301-ftp/2020-09-14/Eran Hodis 2020-09-14-044.svs
Dataset:name:2020-09-14	/uod/idr/filesets/idr0135-hodis-melanocytes/20220301-ftp/2020-09-14/Eran Hodis 2020-09-14-032.svs
Dataset:name:2020-09-14	/uod/idr/filesets/idr0135-hodis-melanocytes/20220301-ftp/2020-09-14/Eran Hodis 2020-09-14-010.svs
Dataset:name:2020-09-14	/uod/idr/filesets/idr0135-hodis-melanocytes/20220301-ftp/2020-09-14/Eran Hodis 2020-09-14-006.svs
Dataset:name:2020-09-14	/uod/idr/filesets/idr0135-hodis-melanocytes/20220301-ftp/2020-09-14/Eran Hodis 2020-09-14-020.svs
Dataset:name:2020-09-14	/uod/idr/filesets/idr0135-hodis-melanocytes/20220301-ftp/2020-09-14/Eran Hodis 2020-09-14-036.svs
Dataset:name:2020-09-14	/uod/idr/filesets/idr0135-hodis-melanocytes/20220301-ftp/2020-09-14/Eran Hodis 2020-09-14-034.svs
Dataset:name:2020-09-14	/uod/idr/filesets/idr0135-hodis-melanocytes/20220301-ftp/2020-09-14/Eran Hodis 2020-09-14-005.svs
Dataset:name:2020-09-14	/uod/idr/filesets/idr0135-hodis-melanocytes/20220301-ftp/2020-09-14/Eran Hodis 2020-09-14-045.svs
Dataset:name:2020-09-14	/uod/idr/filesets/idr0135-hodis-melanocytes/20220301-ftp/2020-09-14/Eran Hodis 2020-09-14-025.svs
Dataset:name:2020-09-14	/uod/idr/filesets/idr0135-hodis-melanocytes/20220301-ftp/2020-09-14/Eran Hodis 2020-09-14-029.svs
Dataset:name:2020-09-14	/uod/idr/filesets/idr0135-hodis-melanocytes/20220301-ftp/2020-09-14/Eran Hodis 2020-09-14-017.svs
Dataset:name:2020-09-14	/uod/idr/filesets/idr0135-hodis-melanocytes/20220301-ftp/2020-09-14/Eran Hodis 2020-09-14.svs
Dataset:name:2020-09-14	/uod/idr/filesets/idr0135-hodis-melanocytes/20220301-ftp/2020-09-14/Eran Hodis 2020-09-14-009.svs
Dataset:name:2020-09-14	/uod/idr/filesets/idr0135-hodis-melanocytes/20220301-ftp/2020-09-14/Eran Hodis 2020-09-14-042.svs
Dataset:name:2020-09-14	/uod/idr/filesets/idr0135-hodis-melanocytes/20220301-ftp/2020-09-14/Eran Hodis 2020-09-14-024.svs
Dataset:name:2020-09-14	/uod/idr/filesets/idr0135-hodis-melanocytes/20220301-ftp/2020-09-14/Eran Hodis 2020-09-14-004.svs
Dataset:name:2020-09-14	/uod/idr/filesets/idr0135-hodis-melanocytes/20220301-ftp/2020-09-14/Eran Hodis 2020-09-14-053.svs
Dataset:name:2020-09-14	/uod/idr/filesets/idr0135-hodis-melanocytes/20220301-ftp/2020-09-14/Eran Hodis 2020-09-14-026.svs
Dataset:name:2020-09-14	/uod/idr/filesets/idr0135-hodis-melanocytes/20220301-ftp/2020-09-14/Eran Hodis 2020-09-14-050.svs
Dataset:name:2020-09-14	/uod/idr/filesets/idr0135-hodis-melanocytes/20220301-ftp/2020-09-14/Eran Hodis 2020-09-14-011.svs
Dataset:name:2020-09-14	/uod/idr/filesets/idr0135-hodis-melanocytes/20220301-ftp/2020-09-14/Eran Hodis 2020-09-14-051.svs
Dataset:name:2020-09-14	/uod/idr/filesets/idr0135-hodis-melanocytes/20220301-ftp/2020-09-14/Eran Hodis 2020-09-14-030.svs
Dataset:name:2020-09-14	/uod/idr/filesets/idr0135-hodis-melanocytes/20220301-ftp/2020-09-14/Eran Hodis 2020-09-14-016.svs
Dataset:name:2020-09-14	/uod/idr/filesets/idr0135-hodis-melanocytes/20220301-ftp/2020-09-14/Eran Hodis 2020-09-14-022.svs
Dataset:name:2020-09-14	/uod/idr/filesets/idr0135-hodis-melanocytes/20220301-ftp/2020-09-14/Eran Hodis 2020-09-14-043.svs
Dataset:name:2020-09-14	/uod/idr/filesets/idr0135-hodis-melanocytes/20220301-ftp/2020-09-14/Eran Hodis 2020-09-14-038.svs
Dataset:name:2020-09-14	/uod/idr/filesets/idr0135-hodis-melanocytes/20220301-ftp/2020-09-14/Eran Hodis 2020-09-14-001.svs
Dataset:name:2020-09-14	/uod/idr/filesets/idr0135-hodis-melanocytes/20220301-ftp/2020-09-14/Eran Hodis 2020-09-14-041.svs
Dataset:name:2020-09-14	/uod/idr/filesets/idr0135-hodis-melanocytes/20220301-ftp/2020-09-14/Eran Hodis 2020-09-14-039.svs
Dataset:name:2020-09-14	/uod/idr/filesets/idr0135-hodis-melanocytes/20220301-ftp/2020-09-14/Eran Hodis 2020-09-14-002.svs
Dataset:name:2020-09-14	/uod/idr/filesets/idr0135-hodis-melanocytes/20220301-ftp/2020-09-14/Eran Hodis 2020-09-14-027.svs
Dataset:name:2020-09-14	/uod/idr/filesets/idr0135-hodis-melanocytes/20220301-ftp/2020-09-14/Eran Hodis 2020-09-14-040.svs
Dataset:name:2020-09-14	/uod/idr/filesets/idr0135-hodis-melanocytes/20220301-ftp/2020-09-14/Eran Hodis 2020-09-14-046.svs
Dataset:name:2020-09-14	/uod/idr/filesets/idr0135-hodis-melanocytes/20220301-ftp/2020-09-14/Eran Hodis 2020-09-14-028.svs
Dataset:name:2020-09-14	/uod/idr/filesets/idr0135-hodis-melanocytes/20220301-ftp/2020-09-14/Eran Hodis 2020-09-14-035.svs
Dataset:name:2020-09-14	/uod/idr/filesets/idr0135-hodis-melanocytes/20220301-ftp/2020-09-14/Eran Hodis 2020-09-14-031.svs
Dataset:name:2020-09-14	/uod/idr/filesets/idr0135-hodis-melanocytes/20220301-ftp/2020-09-14/Eran Hodis 2020-09-14-047.svs
Dataset:name:2020-09-14	/uod/idr/filesets/idr0135-hodis-melanocytes/20220301-ftp/2020-09-14/Eran Hodis 2020-09-14-049.svs
Dataset:name:2020-09-14	/uod/idr/filesets/idr0135-hodis-melanocytes/20220301-ftp/2020-09-14/Eran Hodis 2020-09-14-012.svs
Dataset:name:2020-09-14	/uod/idr/filesets/idr0135-hodis-melanocytes/20220301-ftp/2020-09-14/Eran Hodis 2020-09-14-048.svs
Dataset:name:2020-09-14	/uod/idr/filesets/idr0135-hodis-melanocytes/20220301-ftp/2020-09-14/Eran Hodis 2020-09-14-033.svs
Dataset:name:2020-09-14	/uod/idr/filesets/idr0135-hodis-melanocytes/20220301-ftp/2020-09-14/Eran Hodis 2020-09-14-003.svs
Dataset:name:2020-09-14	/uod/idr/filesets/idr0135-hodis-melanocytes/20220301-ftp/2020-09-14/Eran Hodis 2020-09-14-018.svs
Dataset:name:2020-09-14	/uod/idr/filesets/idr0135-hodis-melanocytes/20220301-ftp/2020-09-14/Eran Hodis 2020-09-14-023.svs
Dataset:name:2020-09-14	/uod/idr/filesets/idr0135-hodis-melanocytes/20220301-ftp/2020-09-14/Eran Hodis 2020-09-14-019.svs
Dataset:name:2020-09-14	/uod/idr/filesets/idr0135-hodis-melanocytes/20220301-ftp/2020-09-14/Eran Hodis 2020-09-14-013.svs
Dataset:name:2020-09-14	/uod/idr/filesets/idr0135-hodis-melanocytes/20220301-ftp/2020-09-14/Eran Hodis 2020-09-14-007.svs
Dataset:name:2020-09-14	/uod/idr/filesets/idr0135-hodis-melanocytes/20220301-ftp/2020-09-14/Eran Hodis 2020-09-14-008.svs
Dataset:name:2020-09-14	/uod/idr/filesets/idr0135-hodis-melanocytes/20220301-ftp/2020-09-14/Eran Hodis 2020-09-14-015.svs
Dataset:name:2020-09-14	/uod/idr/filesets/idr0135-hodis-melanocytes/20220301-ftp/2020-09-14/Eran Hodis 2020-09-14-014.svs
Dataset:name:2020-09-15	/uod/idr/filesets/idr0135-hodis-melanocytes/20220301-ftp/2020-09-15/Eran Hodis 2020-09-15-002.svs
Dataset:name:2020-09-15	/uod/idr/filesets/idr0135-hodis-melanocytes/20220301-ftp/2020-09-15/Eran Hodis 2020-09-15-010.svs
Dataset:name:2020-09-15	/uod/idr/filesets/idr0135-hodis-melanocytes/20220301-ftp/2020-09-15/Eran Hodis 2020-09-15-023.svs
Dataset:name:2020-09-15	/uod/idr/filesets/idr0135-hodis-melanocytes/20220301-ftp/2020-09-15/Eran Hodis 2020-09-15-003.svs
Dataset:name:2020-09-15	/uod/idr/filesets/idr0135-hodis-melanocytes/20220301-ftp/2020-09-15/Eran Hodis 2020-09-15-049.svs
Dataset:name:2020-09-15	/uod/idr/filesets/idr0135-hodis-melanocytes/20220301-ftp/2020-09-15/Eran Hodis 2020-09-15-039.svs
Dataset:name:2020-09-15	/uod/idr/filesets/idr0135-hodis-melanocytes/20220301-ftp/2020-09-15/Eran Hodis 2020-09-15-004.svs
Dataset:name:2020-09-15	/uod/idr/filesets/idr0135-hodis-melanocytes/20220301-ftp/2020-09-15/Eran Hodis 2020-09-15-047.svs
Dataset:name:2020-09-15	/uod/idr/filesets/idr0135-hodis-melanocytes/20220301-ftp/2020-09-15/Eran Hodis 2020-09-15-015.svs
Dataset:name:2020-09-15	/uod/idr/filesets/idr0135-hodis-melanocytes/20220301-ftp/2020-09-15/Eran Hodis 2020-09-15-029.svs
Dataset:name:2020-09-15	/uod/idr/filesets/idr0135-hodis-melanocytes/20220301-ftp/2020-09-15/Eran Hodis 2020-09-15-032.svs
Dataset:name:2020-09-15	/uod/idr/filesets/idr0135-hodis-melanocytes/20220301-ftp/2020-09-15/Eran Hodis 2020-09-15-031.svs
Dataset:name:2020-09-15	/uod/idr/filesets/idr0135-hodis-melanocytes/20220301-ftp/2020-09-15/Eran Hodis 2020-09-15-019.svs
Dataset:name:2020-09-15	/uod/idr/filesets/idr0135-hodis-melanocytes/20220301-ftp/2020-09-15/Eran Hodis 2020-09-15-033.svs
Dataset:name:2020-09-15	/uod/idr/filesets/idr0135-hodis-melanocytes/20220301-ftp/2020-09-15/Eran Hodis 2020-09-15-005.svs
Dataset:name:2020-09-15	/uod/idr/filesets/idr0135-hodis-melanocytes/20220301-ftp/2020-09-15/Eran Hodis 2020-09-15-009.svs
Dataset:name:2020-09-15	/uod/idr/filesets/idr0135-hodis-melanocytes/20220301-ftp/2020-09-15/Eran Hodis 2020-09-15-006.svs
Dataset:name:2020-09-15	/uod/idr/filesets/idr0135-hodis-melanocytes/20220301-ftp/2020-09-15/Eran Hodis 2020-09-15-030.svs
Dataset:name:2020-09-15	/uod/idr/filesets/idr0135-hodis-melanocytes/20220301-ftp/2020-09-15/Eran Hodis 2020-09-15-036.svs
Dataset:name:2020-09-15	/uod/idr/filesets/idr0135-hodis-melanocytes/20220301-ftp/2020-09-15/Eran Hodis 2020-09-15-021.svs
Dataset:name:2020-09-15	/uod/idr/filesets/idr0135-hodis-melanocytes/20220301-ftp/2020-09-15/Eran Hodis 2020-09-15-042.svs
Dataset:name:2020-09-15	/uod/idr/filesets/idr0135-hodis-melanocytes/20220301-ftp/2020-09-15/Eran Hodis 2020-09-15-016.svs
Dataset:name:2020-09-15	/uod/idr/filesets/idr0135-hodis-melanocytes/20220301-ftp/2020-09-15/Eran Hodis 2020-09-15-040.svs
Dataset:name:2020-09-15	/uod/idr/filesets/idr0135-hodis-melanocytes/20220301-ftp/2020-09-15/Eran Hodis 2020-09-15-046.svs
Dataset:name:2020-09-15	/uod/idr/filesets/idr0135-hodis-melanocytes/20220301-ftp/2020-09-15/Eran Hodis 2020-09-15-020.svs
Dataset:name:2020-09-15	/uod/idr/filesets/idr0135-hodis-melanocytes/20220301-ftp/2020-09-15/Eran Hodis 2020-09-15.svs
Dataset:name:2020-09-15	/uod/idr/filesets/idr0135-hodis-melanocytes/20220301-ftp/2020-09-15/Eran Hodis 2020-09-15-018.svs
Dataset:name:2020-09-15	/uod/idr/filesets/idr0135-hodis-melanocytes/20220301-ftp/2020-09-15/Eran Hodis 2020-09-15-045.svs
Dataset:name:2020-09-15	/uod/idr/filesets/idr0135-hodis-melanocytes/20220301-ftp/2020-09-15/Eran Hodis 2020-09-15-017.svs
Dataset:name:2020-09-15	/uod/idr/filesets/idr0135-hodis-melanocytes/20220301-ftp/2020-09-15/Eran Hodis 2020-09-15-012.svs
Dataset:name:2020-09-15	/uod/idr/filesets/idr0135-hodis-melanocytes/20220301-ftp/2020-09-15/Eran Hodis 2020-09-15-027.svs
Dataset:name:2020-09-15	/uod/idr/filesets/idr0135-hodis-melanocytes/20220301-ftp/2020-09-15/Eran Hodis 2020-09-15-041.svs
Dataset:name:2020-09-15	/uod/idr/filesets/idr0135-hodis-melanocytes/20220301-ftp/2020-09-15/Eran Hodis 2020-09-15-008.svs
Dataset:name:2020-09-15	/uod/idr/filesets/idr0135-hodis-melanocytes/20220301-ftp/2020-09-15/Eran Hodis 2020-09-15-038.svs
Dataset:name:2020-09-15	/uod/idr/filesets/idr0135-hodis-melanocytes/20220301-ftp/2020-09-15/Eran Hodis 2020-09-15-035.svs
Dataset:name:2020-09-15	/uod/idr/filesets/idr0135-hodis-melanocytes/20220301-ftp/2020-09-15/Eran Hodis 2020-09-15-043.svs
Dataset:name:2020-09-15	/uod/idr/filesets/idr0135-hodis-melanocytes/20220301-ftp/2020-09-15/Eran Hodis 2020-09-15-024.svs
Dataset:name:2020-09-15	/uod/idr/filesets/idr0135-hodis-melanocytes/20220301-ftp/2020-09-15/Eran Hodis 2020-09-15-011.svs
Dataset:name:2020-09-15	/uod/idr/filesets/idr0135-hodis-melanocytes/20220301-ftp/2020-09-15/Eran Hodis 2020-09-15-050.svs
Dataset:name:2020-09-15	/uod/idr/filesets/idr0135-hodis-melanocytes/20220301-ftp/2020-09-15/Eran Hodis 2020-09-15-001.svs
Dataset:name:2020-09-15	/uod/idr/filesets/idr0135-hodis-melanocytes/20220301-ftp/2020-09-15/Eran Hodis 2020-09-15-022.svs
Dataset:name:2020-09-15	/uod/idr/filesets/idr0135-hodis-melanocytes/20220301-ftp/2020-09-15/Eran Hodis 2020-09-15-013.svs
Dataset:name:2020-09-15	/uod/idr/filesets/idr0135-hodis-melanocytes/20220301-ftp/2020-09-15/Eran Hodis 2020-09-15-044.svs
Dataset:name:2020-09-15	/uod/idr/filesets/idr0135-hodis-melanocytes/20220301-ftp/2020-09-15/Eran Hodis 2020-09-15-014.svs
Dataset:name:2020-09-15	/uod/idr/filesets/idr0135-hodis-melanocytes/20220301-ftp/2020-09-15/Eran Hodis 2020-09-15-034.svs
Dataset:name:2020-09-15	/uod/idr/filesets/idr0135-hodis-melanocytes/20220301-ftp/2020-09-15/Eran Hodis 2020-09-15-051.svs
Dataset:name:2020-09-15	/uod/idr/filesets/idr0135-hodis-melanocytes/20220301-ftp/2020-09-15/Eran Hodis 2020-09-15-007.svs
Dataset:name:2020-09-15	/uod/idr/filesets/idr0135-hodis-melanocytes/20220301-ftp/2020-09-15/Eran Hodis 2020-09-15-025.svs
Dataset:name:2020-09-15	/uod/idr/filesets/idr0135-hodis-melanocytes/20220301-ftp/2020-09-15/Eran Hodis 2020-09-15-037.svs
Dataset:name:2020-09-15	/uod/idr/filesets/idr0135-hodis-melanocytes/20220301-ftp/2020-09-15/Eran Hodis 2020-09-15-028.svs